prefix,route,frequency,total_samples,confidence
SYS,EGOS_EGOS,76263,76263,1.0
EAX,LELL_LELL,64112,64112,1.0
ZXP,EHAM_EHAM,46589,46589,1.0
FBY,LEBG_LEBG,43203,43203,1.0
OYF,EKRK_EKRK,33590,33590,1.0
GLD,EGTK_EGTK,24823,24823,1.0
SMK,UG11_UG11,24530,24530,1.0
NCK,EGUB_EGUB,23813,23813,1.0
BAS,LKPD_LKPD,22012,22012,1.0
DLZ,EDNY_EDNY,19782,19782,1.0
UAU,EGDM_EGDM,18287,18287,1.0
PHB,EHSE_EHSE,16545,16545,1.0
PHZ,EHLE_EHLE,15619,15619,1.0
EMU,EGYD_EGYD,13616,13616,1.0
ZOD,EGNV_EGNV,13311,13311,1.0
JUM,LOWG_LOWG,12836,12836,1.0
ADM,LPEV_LPEV,11891,11891,1.0
UAD,EGDM_EGDM,11809,11809,1.0
GII,EGDM_EGDM,11143,11143,1.0
UKP,EGNX_EGNX,10937,10937,1.0
IDA,LIRU_LIRU,10290,10290,1.0
TFL,EHAM_EHAM,10244,10244,1.0
ETP,EGDM_EGDM,10241,10241,1.0
NCG,EHAM_EHAM,10228,10228,1.0
AOS,EGBJ_EGBJ,9685,9685,1.0
SCQ,ENGK_ENGK,9437,9437,1.0
UAT,EGXT_EGXT,9042,9042,1.0
UAW,EGDX_EGDX,9025,9025,1.0
OXF,EGTK_EGTK,8978,8978,1.0
RVP,LPSO_LPSO,8841,8841,1.0
VYT,EGOV_EGOV,8544,8544,1.0
OHD,EFTP_EFTP,8019,8019,1.0
OEV,LOAN_LOAN,7973,7973,1.0
PCH,LSZC_LSZC,7499,7499,1.0
SFY,EGBJ_EGBJ,7401,7401,1.0
LFA,EGTC_EGTC,7313,7313,1.0
DMT,EDKB_EDKB,6869,6869,1.0
SYE,EGXY_EGXY,6823,6823,1.0
DMX,EDLM_EDLM,6775,6775,1.0
JOK,ETHN_ETHN,6330,6330,1.0
SPE,EPKP_EPKP,6299,6299,1.0
PHI,EHLE_EHLE,6170,6170,1.0
SXA,LGTT_LGTT,6130,6130,1.0
BSO,LELL_LELL,6114,6114,1.0
OYB,EKRK_EKRK,5691,5691,1.0
IBI,EDFE_EDFE,5525,5525,1.0
GSA,EGWN_EGWN,5102,5102,1.0
OHC,EDFE_EDFE,5052,5052,1.0
GFB,EG32_EG32,5001,5001,1.0
IRN,EGOS_EGOS,4952,4952,1.0
GGZ,EGTR_EGTR,4924,4924,1.0
OKL,LKHK_LKHK,4908,4908,1.0
RVR,EGGP_EGGP,4893,4893,1.0
HBV,LSZC_LSZC,4864,4864,1.0
ECM,LELL_LELL,4839,4839,1.0
KQA,EGLL_KJFK,4800,4800,1.0
CSN,OMDB_EGLL,4798,4798,1.0
GFO,EG32_EG32,4769,4769,1.0
FHR,LFRE_LFRE,4498,4498,1.0
DKR,EHTL_EHTL,4450,4450,1.0
BPO,EDKB_EDKB,4433,4433,1.0
UAY,EGWC_EGWC,4358,4358,1.0
OYC,EKRK_EKRK,4218,4218,1.0
FHP,LEMS_LEMS,4088,4088,1.0
FYS,LECU_LECU,3966,3966,1.0
OKF,LKLT_LKLT,3905,3905,1.0
UAH,EGYD_EGYD,3804,3804,1.0
OOR,EBZH_EBZH,3606,3606,1.0
GCH,EGNU_EGNU,3581,3581,1.0
TCU,LTBW_LTBW,3479,3479,1.0
GBY,EGLM_EGLM,3462,3462,1.0
GOK,EGCB_EGCB,3278,3278,1.0
UAA,EGQL_EGQL,3203,3203,1.0
GEN,EGTR_EGTR,3136,3136,1.0
DMI,EDKB_EDKB,3135,3135,1.0
BRM,EGNV_EGNV,3112,3112,1.0
GCL,EGTR_EGTR,3081,3081,1.0
OKH,LKHK_LKHK,3015,3015,1.0
BEL,EBMB_LEMD,2978,2978,1.0
GSU,EGBJ_EGBJ,2952,2952,1.0
SEJ,ESSB_ESSB,2899,2899,1.0
BAD,LPBJ_LPBJ,2893,2893,1.0
WAG,EGYD_EGYD,2881,2881,1.0
GBH,EGNH_EGNH,2836,2836,1.0
ZER,LFBD_LFBD,2754,2754,1.0
OYE,EKRK_EKRK,2698,2698,1.0
SMG,LKPD_LKPD,2691,2691,1.0
DEQ,EDFE_EDFE,2691,2691,1.0
HBR,LSZB_LSZB,2662,2662,1.0
GIC,EGTR_EGTR,2660,2660,1.0
GFI,EGBG_EGBG,2637,2637,1.0
GTC,EGHR_EGHR,2607,2607,1.0
ECI,LELL_LELL,2537,2537,1.0
GCC,EGTR_EGTR,2478,2478,1.0
GTW,EGCB_EGCB,2433,2433,1.0
ABL,EGLK_EGLK,2427,2427,1.0
RLE,EGVN_EGVN,2400,2400,1.0
DKF,EHTL_EHTL,2400,2400,1.0
FHE,LFPN_LFPN,2391,2391,1.0
LYL,EYVP_EYVP,2366,2366,1.0
CSH,LPBJ_LPBJ,2359,2359,1.0
FGA,LFLU_LFLU,2352,2352,1.0
GDD,EGTR_EGTR,2339,2339,1.0
SFS,EDMA_EDMA,2288,2288,1.0
UAJ,EGQL_EGQL,2281,2281,1.0
PHM,EHGG_EHGG,2232,2232,1.0
CRI,EGHH_EGHH,2215,2215,1.0
HBW,LSZL_LSZL,2174,2174,1.0
DHE,EDKB_EDKB,2153,2153,1.0
FPT,LSZL_LSZL,2101,2101,1.0
GDP,EGNH_EGNH,2100,2100,1.0
OOO,EBFN_EBFN,2078,2078,1.0
QFY,LECU_LECU,2069,2069,1.0
SPL,EPGL_EPGL,2062,2062,1.0
JIG,EGVN_EGVN,2044,2044,1.0
ULR,EGPD_EGPD,2039,2039,1.0
CJK,EGNU_EGNU,2009,2009,1.0
LOG,EGPD_EGPD,1980,1980,1.0
GSJ,EGTK_EGTK,1974,1974,1.0
BDN,EGDM_EGDM,1899,1899,1.0
LYG,EYVP_EYVP,1882,1882,1.0
FHI,LFPN_LFPN,1869,1869,1.0
HBU,LSMA_LSMA,1863,1863,1.0
FLO,EDVM_EDVM,1851,1851,1.0
FHH,LFMA_LFMA,1816,1816,1.0
DEJ,EDPM_EDPM,1769,1769,1.0
OKA,LKHK_LKHK,1747,1747,1.0
GRI,EGNU_EGNU,1715,1715,1.0
LYT,EYVP_EYVP,1695,1695,1.0
GLY,EGKR_EGKR,1685,1685,1.0
PHE,EHSE_EHSE,1636,1636,1.0
GTO,EGBG_EGBG,1619,1619,1.0
CAL,LFBD_LFBD,1608,1608,1.0
EIH,EGTR_EGTR,1606,1606,1.0
MTE,EGOV_EGOV,1598,1598,1.0
DHB,EDWN_EDWN,1589,1589,1.0
BLN,EGVN_EGVN,1576,1576,1.0
DKK,EDMA_EDMA,1573,1573,1.0
CLB,EGNV_EGNV,1539,1539,1.0
DIP,EDDV_EDDV,1538,1538,1.0
OOV,EBSP_EBSP,1529,1529,1.0
GOB,EGNH_EGNH,1512,1512,1.0
GRR,EGNX_EGNX,1471,1471,1.0
MOR,LFMA_LFMA,1449,1449,1.0
PRF,EGYD_EGYD,1414,1414,1.0
GBZ,EGLM_EGLM,1399,1399,1.0
FGT,LFBD_LFBD,1386,1386,1.0
DIW,EDMA_EDMA,1350,1350,1.0
MDI,EGNV_EGNV,1325,1325,1.0
AFM,LFLU_LFLU,1294,1294,1.0
ABC,EGWN_EGWN,1289,1289,1.0
FHZ,LFCL_LFCL,1289,1289,1.0
HBN,LSZX_LSZX,1282,1282,1.0
GIL,EGHR_EGHR,1279,1279,1.0
GSE,EGSH_EGSH,1255,1255,1.0
DEY,EDML_EDML,1228,1228,1.0
OOD,EBZH_EBZH,1221,1221,1.0
EXM,EGTK_EGTK,1210,1210,1.0
GAR,EGNU_EGNU,1208,1208,1.0
FHF,LFMA_LFMA,1156,1156,1.0
GVO,EGBG_EGBG,1143,1143,1.0
GMA,EGBJ_EGBJ,1130,1130,1.0
PIR,EGNV_EGNV,1097,1097,1.0
DMC,EDVM_EDVM,1081,1081,1.0
GLK,EGLK_EGLK,1056,1056,1.0
SAB,LPBJ_LPBJ,1046,1046,1.0
HBH,LSZC_LSZC,1014,1014,1.0
HBD,LSZL_LSZL,1004,1004,1.0
GAX,EGNU_EGNU,1001,1001,1.0
GZD,EGNU_EGNU,1000,1000,1.0
ABE,LFBD_LFBD,989,989,1.0
GUC,EGWN_EGWN,987,987,1.0
GJE,EGTC_EGTC,966,966,1.0
DGA,EDFE_EDFE,954,954,1.0
SHY,EGOS_EGOS,953,953,1.0
GHY,EGLK_EGLK,953,953,1.0
HBQ,LSZV_LSZV,938,938,1.0
MIL,LFBD_LFBD,932,932,1.0
GBT,EGLM_EGLM,917,917,1.0
TCA,LTBW_LTBW,911,911,1.0
EAP,LFPN_LFPN,892,892,1.0
SPN,EPGL_EPGL,878,878,1.0
HBO,LSGL_LSGL,868,868,1.0
OMM,EPGL_EPGL,864,864,1.0
PHJ,EHTE_EHTE,860,860,1.0
LYA,EYVP_EYVP,858,858,1.0
BHL,EGPD_EGPD,850,850,1.0
HKS,EGPD_EGPD,834,834,1.0
GKK,EGLM_EGLM,831,831,1.0
BUD,LKPD_LKPD,822,822,1.0
FWW,LFMA_LFMA,820,820,1.0
FGF,LFPL_LFPL,820,820,1.0
DMA,EBZH_EBZH,812,812,1.0
GBJ,EGTB_EGTB,783,783,1.0
GBI,EGLK_EGLK,770,770,1.0
FJD,LFLU_LFLU,759,759,1.0
GTA,EGBG_EGBG,740,740,1.0
GDA,EGKR_EGKR,733,733,1.0
ANG,LECU_LECU,699,699,1.0
CAB,LKPD_LKPD,694,694,1.0
FGU,LFCL_LFCL,694,694,1.0
GEL,EGLK_EGLK,680,680,1.0
AAR,LOWW_EDDF,673,673,1.0
MOC,LPBJ_LPBJ,669,669,1.0
SAZ,LSGG_LSZH,669,669,1.0
GGI,EGTK_EGTK,652,652,1.0
IGO,LTFM_LTFM,651,651,1.0
GAT,EGKR_EGKR,643,643,1.0
EAJ,LTFJ_LTFE,636,636,1.0
GSK,EGHH_EGHH,636,636,1.0
FGM,LFPL_LFPL,633,633,1.0
SPH,EPWS_EPWS,631,631,1.0
LOT,EPWA_LTAI,618,618,1.0
DHY,EDKB_EDKB,614,614,1.0
FGK,LFMA_LFMA,613,613,1.0
HAB,EHLE_EHLE,599,599,1.0
GSN,EGBG_EGBG,597,597,1.0
OYT,EKRK_EKRK,590,590,1.0
BRO,EGNV_EGNV,589,589,1.0
CCA,LFPG_LIRF,587,587,1.0
GJJ,EGLK_EGLK,581,581,1.0
CYP,LGAV_LCLK,580,580,1.0
GGS,EGLD_EGLD,573,573,1.0
SEK,EDDH_EDDM,554,554,1.0
GGM,EGBJ_EGBJ,553,553,1.0
GWW,EGLM_EGLM,548,548,1.0
FSM,LECU_LECU,542,542,1.0
ALK,LFPG_EDDF,541,541,1.0
VCJ,LEPA_LSZH,536,536,1.0
GBG,EGNX_EGNX,528,528,1.0
GDU,EGLM_EGLM,509,509,1.0
OKO,LKLT_LKLT,508,508,1.0
FGO,LFQO_LFQO,507,507,1.0
FJL,LFPZ_LFPZ,505,505,1.0
URO,EGHH_EGHH,504,504,1.0
MDF,LGAV_LGTS,497,497,1.0
GXI,EGBJ_EGBJ,496,496,1.0
OKP,LKHK_LKHK,485,485,1.0
SRD,EGDX_EGDX,484,484,1.0
GPL,EGTB_EGTB,481,481,1.0
OOP,EBSP_EBSP,471,471,1.0
GHI,EGTR_EGTR,463,463,1.0
DHH,EDKB_EDKB,459,459,1.0
QAF,KLAX_EGLL,454,454,1.0
XRO,EHAM_LFMN,447,447,1.0
GOP,EGLM_EGLM,446,446,1.0
DUB,EGSS_EIDW,438,438,1.0
FPH,LFRE_LFRE,431,431,1.0
AIC,EGLL_KJFK,429,429,1.0
HBM,LSZR_LSZR,429,429,1.0
WRB,EGYD_EGYD,423,423,1.0
GIP,EGHR_EGHR,423,423,1.0
GFF,EGNV_EGNV,420,420,1.0
GFM,LEMG_EIDW,417,417,1.0
GOM,EGCB_EGCB,413,413,1.0
OHH,EFTP_EFTP,413,413,1.0
GEG,EGTK_EGTK,409,409,1.0
GHM,EGWN_EGWN,401,401,1.0
OEG,LOWS_LOWS,385,385,1.0
AOJ,EGSS_EIDW,379,379,1.0
SPV,EPWS_EPWS,377,377,1.0
YZR,EHAM_EHAM,376,376,1.0
LIO,LOWS_LOWS,366,366,1.0
VJA,LFMN_EHAM,362,362,1.0
GOZ,EGGP_EGGP,360,360,1.0
DCL,LSGG_EHAM,358,358,1.0
FGY,LFQO_LFQO,355,355,1.0
SRN,ENBO_ENGM,354,354,1.0
JPV,LEPA_LSZH,338,338,1.0
GHA,EGHR_EGHR,338,338,1.0
CTM,EIDW_EHAM,337,337,1.0
LEA,EHLE_EHLE,333,333,1.0
JEF,EGCC_EHAM,316,316,1.0
GID,EGLK_EGLK,315,315,1.0
SUZ,EHTE_EHTE,315,315,1.0
IRI,LIRU_LIRU,314,314,1.0
PJZ,EGLL_LSGG,313,313,1.0
RYS,EPWA_LTAI,310,310,1.0
TJD,EHAM_LFMN,310,310,1.0
OKT,LKHK_LKHK,308,308,1.0
OKV,LKHK_LKHK,302,302,1.0
EIA,LPFR_EIDW,301,301,1.0
OKY,LKHK_LKHK,300,300,1.0
DMK,EDNA_EDNA,296,296,1.0
DMW,LOGW_LOGW,296,296,1.0
QGA,LSZH_EDDB,285,285,1.0
MSC,LEMD_LEBL,279,279,1.0
TUA,OMDB_LTFM,278,278,1.0
ECK,LEBL_LEMG,278,278,1.0
DII,EDFE_EDFE,274,274,1.0
GFE,EGLK_EGLK,268,268,1.0
MBI,LSGG_LFMN,267,267,1.0
GGO,EGBJ_EGBJ,265,265,1.0
LDX,EHAM_LFMN,261,261,1.0
SNM,LSGG_LFMN,260,260,1.0
TCS,LTFM_LTFE,259,259,1.0
RRR,EGVN_EGVN,257,257,1.0
TVP,EPWA_LTAI,253,253,1.0
KNE,LTFJ_LTCG,251,251,1.0
DIA,LEPA_EDDL,249,249,1.0
FJH,LFMA_LFMA,244,244,1.0
DBO,EDDL_EDDM,243,243,1.0
FEN,EGTK_EGTK,236,236,1.0
TVS,LEPA_EDDF,235,235,1.0
IJM,EDDL_EDDM,233,233,1.0
TLJ,LEMD_LEIB,232,232,1.0
QQE,SKBO_LEMD,230,230,1.0
REV,EGNX_EGNX,228,228,1.0
PAV,LSGG_LFMN,228,228,1.0
ETR,LEMD_LEMD,225,225,1.0
GED,EGWN_EGWN,224,224,1.0
JTD,ESSA_EFHK,224,224,1.0
DCU,LOWW_EDDB,224,224,1.0
QAV,EHAM_LSZH,223,223,1.0
PHL,LEIB_LEBL,223,223,1.0
YIF,ENBR_ENVA,222,222,1.0
IRB,OMDB_LTFM,222,222,1.0
SUA,EDDM_EDDH,220,220,1.0
LTC,LEIB_LEBL,218,218,1.0
FGL,LFPZ_LFPZ,213,213,1.0
DHM,EDML_EDML,211,211,1.0
SAM,LFBD_LFBD,210,210,1.0
PHY,EHAM_EHAM,208,208,1.0
VVV,EHAM_EDDF,200,200,1.0
FXT,EKRK_EKRK,199,199,1.0
DCC,EDDH_LEPA,199,199,1.0
ORT,EIDW_EGPH,197,197,1.0
NFA,ENBR_ENGM,195,195,1.0
FLI,ENGM_EKCH,191,191,1.0
DHK,ENGM_EKCH,191,191,1.0
AME,LEMD_LEBL,190,190,1.0
LBD,ENBO_ENGM,189,189,1.0
TCT,LTFJ_LTFE,186,186,1.0
ATL,EDDH_LEPA,186,186,1.0
BOH,LEBL_LEPA,182,182,1.0
TCN,LTFJ_LTFE,177,177,1.0
ELJ,LSGG_LSZH,175,175,1.0
PHU,EHAM_EHAM,173,173,1.0
GDB,EGHR_EGHR,171,171,1.0
ABN,LTFM_LTFM,170,170,1.0
HUE,LSGG_LSZH,168,168,1.0
JZR,LTFJ_LTCG,167,167,1.0
GSP,LSZH_LSGG,167,167,1.0
SXH,LGAV_LGTS,164,164,1.0
XGO,LEIB_LEPA,163,163,1.0
GAS,EGBJ_EGBJ,163,163,1.0
MDT,ENBR_ENGM,158,158,1.0
TOY,LEIB_LEMD,154,154,1.0
SAH,LEBL_LEIB,153,153,1.0
EMC,EGPH_EIDW,152,152,1.0
OMA,LTFM_OMDB,151,151,1.0
SPI,ETHN_ETHN,144,144,1.0
PNC,LSGG_LSZH,141,141,1.0
TCL,LTFM_LTFE,141,141,1.0
LYB,LELL_LELL,135,135,1.0
AOM,LEBL_LEPA,135,135,1.0
OOL,EBZH_EBZH,133,133,1.0
DOB,EDMA_EDMA,119,119,1.0
CSD,LEBL_LEIB,118,118,1.0
AZO,LTAI_LTFM,114,114,1.0
MEE,LEBL_LEPA,113,113,1.0
DOV,EFHK_ESSA,112,112,1.0
CPV,LIRF_LIML,111,111,1.0
TJS,EDDF_EDDM,110,110,1.0
CAT,EKCH_EKYT,108,108,1.0
NOR,ENZV_ENBR,107,107,1.0
VPC,EFHK_EETN,99,99,1.0
OKC,LOLF_LOLF,90,90,1.0
DMO,EDNA_EDNA,86,86,1.0
AXY,LEPA_LEIB,85,85,1.0
CGS,LGAV_LGTS,85,85,1.0
ABP,LGAV_LGTS,79,79,1.0
MMO,LIRF_LICJ,76,76,1.0
DIG,LEIB_LEPA,70,70,1.0
EMO,LEPA_LEIB,67,67,1.0
DIK,LEPA_LEIB,52,52,1.0
GNX,EGHR_EGHR,50,50,1.0
PEV,LEPA_LEIB,38,38,1.0
SRG,EGDX_EGDX,29,29,1.0
BCY,ENBR_ENZV,28,28,1.0
AWF,EGTR_EGTR,25,25,1.0
HEL,EGNV_EGNV,4259,4281,0.9949
GUA,EGNH_EGNH,5910,5952,0.9929
GBM,EGNX_EGNX,10953,11146,0.9827
NHZ,EGNH_EGNH,7323,7529,0.9726
DEO,EDQX_EDQX,5709,5919,0.9645
CWL,EGYD_EGYD,20757,21585,0.9616
DEB,EDFM_EDFM,5339,5577,0.9573
GOL,EGTR_EGTR,5700,6005,0.9492
ECO,LEBG_LEBG,23968,25274,0.9483
DME,EDKB_EDKB,5764,6102,0.9446
DFL,EPGL_EPGL,4851,5161,0.9399
TAR,EGVN_EGVN,3637,3917,0.9285
ECC,LECU_LECU,1271,1373,0.9257
PHK,EHGG_EHGG,41303,44810,0.9217
OEX,LOWS_LOWS,21437,23285,0.9206
OKB,LKLT_LKLT,4985,5425,0.9189
OKE,LKLT_LKLT,1602,1746,0.9175
DEH,EDWN_EDWN,7785,8608,0.9044
OEB,LOWG_LOWG,1172,1300,0.9015
DEX,EDDV_EDDV,4345,4829,0.8998
GBR,EGLM_EGLM,4503,5021,0.8968
WIT,EGXT_EGXT,8258,9249,0.8929
GOC,EGVN_EGVN,1952,2198,0.8881
CHX,EDDV_EDDV,278,316,0.8797
EZS,LSGG_LFMN,1958,2228,0.8788
GCG,EGCB_EGCB,2114,2412,0.8765
FGB,LFPL_LFPL,2615,3033,0.8622
DMU,EDCM_EDCM,923,1071,0.8618
SPS,EPPO_EPPO,66618,77813,0.8561
DEP,EDRB_EDRB,5044,5895,0.8556
WFL,LEMD_LEMD,1721,2036,0.8453
RGA,LSZB_LSZB,636,763,0.8336
FHD,LFRV_LFRV,5444,6533,0.8333
DMM,EDKB_EDKB,9931,11938,0.8319
GRV,EGGP_EGGP,8950,10776,0.8305
DMN,EDWN_EDWN,4446,5363,0.829
DMP,EDNA_EDNA,1748,2112,0.8277
GAV,EGCB_EGCB,5261,6363,0.8268
SAV,EGNV_EGNV,1302,1577,0.8256
GCE,EGLM_EGLM,5327,6528,0.816
PHG,EHSE_EHSE,1773,2191,0.8092
DIS,EDMA_EDMA,1040,1287,0.8081
KZR,LTFM_OMDB,1229,1522,0.8075
GBC,EGNV_EGNV,2368,2943,0.8046
PHC,EHTE_EHTE,2001,2522,0.7934
DMH,EDQX_EDQX,7105,9065,0.7838
MSA,LIRF_LICZ,840,1074,0.7821
HBY,LSMA_LSMA,1052,1353,0.7775
ULC,LSGG_LFMN,325,420,0.7738
ETI,ENZV_ENGM,511,664,0.7696
FJG,LFMA_LFMA,2780,3617,0.7686
LNV,ENZV_ENBR,132,172,0.7674
DER,EDFM_EDFM,2860,3739,0.7649
OAV,LSGG_EHAM,330,435,0.7586
GBP,EGCL_EGCL,5134,6809,0.754
NOS,LIRF_LICZ,752,1001,0.7512
CFE,EGLC_EHAM,5249,7017,0.748
DIO,LELL_LELL,521,699,0.7454
SXN,EGLD_EGLD,611,820,0.7451
TCC,LTFJ_LTFE,284,382,0.7435
UPS,EIDW_EGSS,1120,1514,0.7398
GCK,EGCJ_EGCJ,2094,2840,0.7373
HBP,LSZB_LSZB,7891,10717,0.7363
FGS,LIPN_LIPN,4796,6544,0.7329
SPM,EPKP_EPKP,22531,30761,0.7325
FHG,LFMA_LFMA,8161,11180,0.73
DMS,EDTG_EDTG,718,984,0.7297
FHL,LFMA_LFMA,2444,3363,0.7267
GFA,OMDB_EGLL,2400,3304,0.7264
DEZ,EDTG_EDTG,1496,2086,0.7172
DKA,EDWJ_EDWJ,6048,8440,0.7166
DEU,LOLF_LOLF,3552,4966,0.7153
SPO,EPBC_EPBC,1793,2510,0.7143
HLE,EGCB_EGCB,655,919,0.7127
BNI,LEIB_LEPA,143,201,0.7114
QFA,WSSS_EGLL,3125,4408,0.7089
CES,EDDF_EHAM,1171,1652,0.7088
SJI,LEPA_LEBL,257,363,0.708
HBS,LSZR_LSZR,4285,6054,0.7078
DET,EDFE_EDFE,7772,11010,0.7059
FYG,LEPA_EDDF,492,697,0.7059
SEM,ESSB_ESSB,2169,3075,0.7054
FDB,LTFM_OMDB,1771,2521,0.7025
BLA,LKPD_LKPD,5530,7907,0.6994
GCR,EGNH_EGNH,973,1392,0.699
IAW,OMDB_LTFM,286,410,0.6976
DEM,EDNY_EDNY,7246,10392,0.6973
INI,LEIB_LEMD,319,458,0.6965
DEL,EDLM_EDLM,612,881,0.6947
PHT,EHTE_EHTE,5009,7217,0.6941
GBL,EGNX_EGNX,2507,3638,0.6891
CND,EHAM_EHAM,1428,2082,0.6859
FGI,LFPN_LFPN,5778,8442,0.6844
DEN,LOWG_LOWG,2694,3940,0.6838
ORO,LEIB_LEBL,685,1003,0.683
DHX,EDKB_EDKB,1102,1615,0.6824
DEF,EDKB_EDKB,434,636,0.6824
GBB,EGLK_EGLK,2328,3436,0.6775
FHV,LFRV_LFRV,12825,19006,0.6748
SRR,LPPR_LPPT,947,1408,0.6726
EDW,LSZH_LSZH,4989,7440,0.6706
RBA,EGLL_OMDB,4800,7200,0.6667
DHT,LFRE_LFRE,699,1054,0.6632
PGC,LSGG_EHAM,383,578,0.6626
SPA,EPBC_EPBC,3736,5662,0.6598
DES,EDNY_EDNY,7693,11663,0.6596
PHS,EHTE_EHTE,3200,4856,0.659
SPR,EPGL_EPGL,2753,4188,0.6574
DMV,EDCM_EDCM,631,962,0.6559
DEI,EDWN_EDWN,7474,11446,0.653
JAF,EBMB_LEMD,284,435,0.6529
FJI,LFCL_LFCL,1355,2076,0.6527
MAB,EGTK_EGTK,1183,1817,0.6511
GCJ,EGCB_EGCB,3686,5663,0.6509
OEF,EDWU_EDWU,3458,5315,0.6506
ADN,EDDM_EDDL,158,244,0.6475
HRN,LEPA_EDDM,612,948,0.6456
HBL,LSZB_LSZB,4189,6491,0.6454
PHA,EHTE_EHTE,2143,3340,0.6416
FHA,LFPN_LFPN,9518,14852,0.6409
DEE,EDFE_EDFE,6005,9371,0.6408
FJO,LEIB_LEBL,235,368,0.6386
GWA,EGTR_EGTR,6123,9647,0.6347
DIR,LEPA_LEBL,140,222,0.6306
IBB,LEMD_LEMD,290,461,0.6291
GRL,EKYT_EKCH,200,318,0.6289
LIF,EHAM_EHAM,3185,5134,0.6204
LCO,EHAM_EDDF,499,809,0.6168
PHH,EHLE_EHLE,7313,11873,0.6159
FHT,LFCL_LFCL,471,768,0.6133
OEK,LOWS_LOWS,1606,2619,0.6132
QSM,OMDB_LTFM,254,416,0.6106
AHY,EGLL_OMDB,2400,3946,0.6082
DEA,EDFE_EDFE,3887,6403,0.6071
DEK,EDMA_EDMA,2609,4336,0.6017
CAO,LFPG_LEMD,422,702,0.6011
GBE,EGNH_EGNH,5832,9704,0.601
FHU,EPPO_EPPO,2820,4695,0.6006
DML,EDCM_EDCM,1097,1828,0.6001
GBO,EGNX_EGNX,9699,16268,0.5962
DLA,EHAM_EDDM,1399,2347,0.5961
RSQ,EHAM_EHAM,1633,2744,0.5951
IAE,LTFM_LTFM,268,451,0.5942
DMB,EDVM_EDVM,761,1285,0.5922
ENT,EPWA_LTAI,374,632,0.5918
IRM,LTFM_OMDB,307,519,0.5915
PUE,LEMD_SKBO,613,1039,0.59
ECN,LELL_LELL,4706,7994,0.5887
HAT,LEMD_LPPR,238,405,0.5877
FHO,LFQO_LFQO,4170,7101,0.5872
TCK,LTFM_LTFE,527,899,0.5862
GCI,EGNH_EGNH,5298,9103,0.582
LAN,LEMD_SKBO,4079,7014,0.5816
TCD,LTFM_LTFE,229,394,0.5812
FJB,LFMA_LFMA,1040,1797,0.5787
DJT,LFMN_LFPO,740,1290,0.5736
DRA,LSZL_LSZL,626,1092,0.5733
GRA,EGLD_EGLD,1285,2248,0.5716
SIA,WSSS_EGLL,3183,5573,0.5711
DEC,LKHK_LKHK,3157,5544,0.5694
GLA,EGBG_EGBG,1996,3519,0.5672
SPT,EPBC_EPBC,11609,20512,0.566
FHB,LFPN_LFPN,1574,2796,0.5629
SVW,LSGG_LFMN,455,810,0.5617
ZSG,EHDS_EHDS,3067,5467,0.561
TAH,LTAI_EDDK,1460,2613,0.5587
GEC,EGLM_EGLM,2713,4894,0.5544
LTR,ENZV_ENBR,270,487,0.5544
OKD,LKPD_LKPD,1207,2178,0.5542
RJA,LFPG_EDDF,1319,2383,0.5535
PVD,LEMG_EHAM,250,453,0.5519
STQ,LEMD_LEPA,267,484,0.5517
DAH,LFPG_DAAG,3306,5996,0.5514
GBU,EGLD_EGLD,2100,3818,0.55
OHL,EETN_EFHK,350,637,0.5495
BIX,EKCH_ENGM,233,425,0.5482
EST,EKCH_ESSA,262,478,0.5481
DFS,EDLT_EDLT,6245,11439,0.5459
AVA,LEMD_SKBO,12778,23480,0.5442
CXI,LEPA_EDDL,971,1786,0.5437
PHW,EHLE_EHLE,3297,6070,0.5432
OOM,EHAM_EKCH,247,455,0.5429
DHA,EDKB_EDKB,4035,7482,0.5393
BRU,LTFM_LTFM,474,881,0.538
DEW,EDKN_EDKN,926,1728,0.5359
DCT,EDDM_EDDH,293,548,0.5347
PHF,EHTE_EHTE,632,1192,0.5302
EIN,EIDW_EGLL,53900,101795,0.5295
DTH,DAAG_LFPG,1354,2566,0.5277
DED,EDPM_EDPM,4048,7692,0.5263
HCX,ESSA_EFHK,187,356,0.5253
EUL,EDDM_LEPA,235,448,0.5246
DFC,LEIB_LEPA,117,224,0.5223
EVE,LEMD_LEMD,753,1445,0.5211
DMZ,EDLT_EDLT,810,1555,0.5209
DMF,EDNA_EDNA,4116,7937,0.5186
PHV,EHTE_EHTE,2541,4914,0.5171
DFA,EDVM_EDVM,5028,9733,0.5166
GBS,EGLM_EGLM,2538,4937,0.5141
ECA,EHAM_EKCH,298,581,0.5129
ELY,LFPG_EDDF,256,500,0.512
DEG,EDKN_EDKN,2820,5582,0.5052
VKG,EFHK_ESSA,160,317,0.5047
OOK,EBFN_EBFN,2417,4791,0.5045
GAY,EGTB_EGTB,844,1674,0.5042
NBT,KJFK_LFPG,12102,24117,0.5018
DMY,EDNY_EDNY,279,556,0.5018
GDE,EGCJ_EGCJ,1051,2100,0.5005
GEE,EGTB_EGTB,1019,2038,0.5
HBF,LSZC_LSZC,6072,12362,0.4912
SPK,EPBC_EPBC,5280,10849,0.4867
OEA,LOGG_LOGG,7775,16085,0.4834
SHT,EGPH_EGLL,40642,84496,0.481
FGN,LFPL_LFPL,1820,3785,0.4808
AKK,ENGM_ENVA,317,660,0.4803
GSW,LEPA_LSZH,1349,2817,0.4789
HBZ,LSZB_LSZB,9321,19499,0.478
UAL,EGLL_KLAX,30868,65173,0.4736
AEZ,LIRF_LICZ,4111,8684,0.4734
OED,LOWG_LOWG,5183,11016,0.4705
GCM,EGTR_EGTR,11802,25094,0.4703
GFL,EG32_EG32,2846,6060,0.4696
RZO,LFPG_KJFK,443,944,0.4693
GBX,EGCB_EGCB,1290,2750,0.4691
AEE,LGAV_LFPG,7580,16685,0.4543
MBU,LEPA_EDDM,3893,8586,0.4534
UNI,EDDK_LEPA,292,647,0.4513
AAL,KORD_EGLL,47624,105646,0.4508
RUK,EIDW_EGCC,1622,3603,0.4502
CAZ,LEMG_EHAM,466,1052,0.443
HBK,LSZL_LSZL,23711,53879,0.4401
UAE,OMDB_EGLL,11307,26540,0.426
GCD,EGTR_EGTR,8039,18890,0.4256
OEC,LIRU_LIRU,5753,13555,0.4244
WZZ,LGAV_LCLK,483,1155,0.4182
TUI,EDDL_LEPA,3934,9444,0.4166
OCN,LEPA_EDDF,3737,9150,0.4084
SVA,EGLL_EGLL,1650,4081,0.4043
KAL,LEMD_EDDF,541,1346,0.4019
LHX,EDDL_EDDM,2795,7083,0.3946
AUA,LOWW_EDDF,17021,44025,0.3866
GBN,EGCJ_EGCJ,4948,12883,0.3841
ETH,LEMD_LIRF,4938,13179,0.3747
DBT,LSGG_LFMN,229,623,0.3676
EFD,LSZH_EHAM,647,1787,0.3621
EXS,EGCC_LEPA,3685,10486,0.3514
ETD,EHAM_EGLL,7200,20908,0.3444
JBU,KJFK_EGLL,10370,30145,0.344
SFG,LEMG_LEBL,402,1180,0.3407
RTG,ENGM_ENVA,714,2140,0.3336
IBS,LEMD_LEMD,18349,55407,0.3312
PTN,LSGG_EHAM,557,1686,0.3304
FPO,LFPG_DAAG,1671,5060,0.3302
DAL,KJFK_EGLL,9477,29555,0.3207
SEH,LGAV_LGTS,2351,7377,0.3187
EAI,EIDW_EGPH,9125,28776,0.3171
WIF,ENBO_ENVA,10249,32487,0.3155
GWI,EDDL_EDDM,3563,11415,0.3121
QTR,OMDB_EGLL,1236,4051,0.3051
FIN,EFHK_ESSA,10155,33383,0.3042
VIR,EGLL_KLAX,32576,107517,0.303
BNO,ENGM_ENVA,971,3217,0.3018
TKJ,LTFJ_LTFE,5453,18145,0.3005
WUK,LEMG_EGKK,5131,17215,0.2981
DIE,EDDK_LEPA,260,881,0.2951
EFW,LEMG_EGKK,7361,25394,0.2899
GAC,EHAM_EDDF,496,1751,0.2833
CPA,EHAM_EDDF,266,975,0.2728
LAV,LEPA_EDDS,240,895,0.2682
ABR,LEBL_LIRF,1652,6191,0.2668
MGH,LTAI_EDDL,1078,4366,0.2469
VJT,LFPG_LFMN,1160,4703,0.2467
THY,LTFM_LTFM,17876,73540,0.2431
SXS,LTAI_EDDL,6446,27080,0.238
CAI,EDDL_LTAI,1985,8478,0.2341
AEA,LEMD_LEMD,30189,130161,0.2319
JFA,LSGG_EHAM,525,2308,0.2275
FHY,EDDK_LTAI,2244,9966,0.2252
SWT,LEIB_LEPA,2448,10910,0.2244
TVF,LPPR_LFPO,13842,62032,0.2231
WMT,LIRF_LEMD,6829,30692,0.2225
SWR,LSZH_EGLL,24220,108894,0.2224
TRA,LEMG_EHAM,5140,23429,0.2194
CFG,EDDL_LEPA,9914,47046,0.2107
DCA,EDDV_EDDV,417,2137,0.1951
KAC,EGLL_LSGG,458,2450,0.1869
PGT,LTFJ_LTFE,7456,40740,0.183
EWG,EDDL_LEPA,19205,106174,0.1809
TAY,LFPG_EDDF,789,4627,0.1705
ITY,LIML_LIRF,19859,118875,0.1671
FDX,LEBL_LFPG,1359,8391,0.162
ANE,LEIB_LEPA,3314,20784,0.1594
TOM,EGCC_LEPA,5841,37161,0.1572
NOZ,ENGM_ENVA,17556,114720,0.153
NSZ,EKYT_EKCH,8068,53933,0.1496
VJH,EHAM_LSZH,362,2575,0.1406
EZY,LPFR_EGKK,16097,114578,0.1405
VLG,LEBL_EGKK,45890,340389,0.1348
GES,LEMD_LEIB,472,3557,0.1327
TAP,LPPT_EGLL,22205,170967,0.1299
DLH,EDDF_EGLL,47706,370570,0.1287
NJE,LFMN_EHAM,964,7700,0.1252
IBE,LEMD_LFPO,14622,122664,0.1192
BCS,LEMD_LIMC,1646,15113,0.1089
KLM,EHAM_EGLL,21785,252105,0.0864
AFR,LFPG_EGLL,19491,231665,0.0841
SAS,EKCH_ESSA,18417,248433,0.0741
EJU,LPFR_EGKK,9148,128193,0.0714
BAW,KJFK_EGLL,31100,443694,0.0701
RYR,EGNX_EGNX,15337,222295,0.069
